number,value,datetime_start,datetime_complete,duration,params_colsample_bytree,params_gamma,params_learning_rate,params_max_depth,params_min_child_weight,params_reg_alpha,params_reg_lambda,params_scale_pos_weight,params_subsample,user_attrs_best_iteration,user_attrs_tuning_train_rows,user_attrs_tuning_validation_rows,state
23,0.0935521933535842,2026-09-30 23:21:10.036070,2026-09-30 23:21:12.740648,0 days 00:00:02.704578,0.9520104938890753,2.147901680989486,0.022613420483235357,3,9.853175501600047,1.4115546904933681e-07,8.599694171159259,1.5911256042248019,0.8796705737994416,1043,100000,205012,COMPLETE
18,0.09331821896191488,2026-09-30 23:20:56.743877,2026-09-30 23:21:00.534403,0 days 00:00:03.790526,0.7543236194590904,1.9964732415940314,0.01739171613608345,3,9.902522978142125,1.4591211886806603e-08,18.83767727449403,2.8851556620607814,0.7839944835498073,1115,100000,205012,COMPLETE
17,0.09327434877374186,2026-09-30 23:20:53.158280,2026-09-30 23:20:56.743877,0 days 00:00:03.585597,0.897530613196581,1.9395148090405598,0.017405697999274168,3,10.232668770925338,1.5762761934150534e-08,21.289684399981486,2.568428732418636,0.7602036482425112,1120,100000,205012,COMPLETE
16,0.09317413435987462,2026-09-30 23:20:50.460104,2026-09-30 23:20:53.158280,0 days 00:00:02.698176,0.7781341065885594,1.8810108210189629,0.019911930587846922,3,11.004846599900958,1.3489932801814004e-08,24.03026879898416,3.427468954573396,0.8503991699305873,782,100000,205012,COMPLETE
7,0.0930177883187755,2026-09-30 23:20:37.313017,2026-09-30 23:20:38.827690,0 days 00:00:01.514673,0.9208787923016158,0.993578407670862,0.043477055106943,4,2.3200867504756815,4.6876566400928895e-08,88.62326508576255,6.813842211735773,0.6563696899899051,388,100000,205012,COMPLETE
21,0.09297167529173911,2026-09-30 23:21:05.377520,2026-09-30 23:21:07.605874,0 days 00:00:02.228354,0.7719898235665421,1.8387360622720934,0.019604723941993314,3,11.734621529275465,1.2651814318121615e-08,30.849487871616542,3.0817633039758356,0.8123760800562146,883,100000,205012,COMPLETE
0,0.0928648931920269,2026-09-30 23:20:27.092840,2026-09-30 23:20:28.395608,0 days 00:00:01.302768,0.6624074561769746,3.005575058716044,0.07259248719561363,4,17.25471657328035,2.5348407664333426e-07,0.017073967431528128,8.605201659336437,0.8394633936788146,220,100000,205012,COMPLETE
15,0.09274089202930749,2026-09-30 23:20:48.647410,2026-09-30 23:20:50.460104,0 days 00:00:01.812694,0.9009038290667233,3.318557439856888,0.02180758683729711,4,4.045413734626774,2.3030967285239954e-07,1.5762068474703992,6.627086982630788,0.697387081783136,420,100000,205012,COMPLETE
26,0.09259959459594896,2026-09-30 23:21:16.365133,2026-09-30 23:21:18.190014,0 days 00:00:01.824881,0.8660698517703787,2.3590257759969133,0.02311628701252587,3,14.555510246081086,1.0538557395914882e-07,5.25098307385587,2.626333996774781,0.7366195675267277,715,100000,205012,COMPLETE
3,0.09257109567369108,2026-09-30 23:20:30.027901,2026-09-30 23:20:32.705163,0 days 00:00:02.677262,0.6682096494749166,4.041986740582305,0.011340440501807348,5,5.898602410432693,3.850031979199519e-08,62.451395747430766,11.017726329332461,0.8430179407605753,722,100000,205012,COMPLETE
25,0.09232155764591742,2026-09-30 23:21:13.846508,2026-09-30 23:21:16.364133,0 days 00:00:02.517625,0.9480042213311853,1.3501722713178244,0.014395661469077274,5,6.0991833104423705,2.4008272272271418e-06,1.6009570876538888,1.5434912767378475,0.8947292536234722,785,100000,205012,COMPLETE
29,0.09231403584308583,2026-09-30 23:21:23.932542,2026-09-30 23:21:26.494006,0 days 00:00:02.561464,0.8817459049361429,3.7244628376252398,0.0184877882919595,4,10.394050187426082,4.0724320034563317e-07,9.200795030026084,1.345422220945922,0.7953142356507774,718,100000,205012,COMPLETE
22,0.09229833451108413,2026-09-30 23:21:07.605874,2026-09-30 23:21:10.036070,0 days 00:00:02.430196,0.855676274389183,1.427169806817708,0.015509842258503787,3,13.482144276041646,1.4535910493744446e-08,22.795928331325428,2.9711159797990887,0.8864497166235539,935,100000,205012,COMPLETE
5,0.09212438669921261,2026-09-30 23:20:33.602662,2026-09-30 23:20:35.063907,0 days 00:00:01.461245,0.6739417822102108,4.474136752138244,0.04089285700048085,6,2.544166090938367,5.324289357128436,12.60466458564947,10.324989969417553,0.8186841117373118,248,100000,205012,COMPLETE
6,0.09201634915613814,2026-09-30 23:20:35.063907,2026-09-30 23:20:37.313017,0 days 00:00:02.249110,0.6180909155642152,4.143687545759647,0.012707942999213693,6,15.826541904647563,8.471746987003668e-06,0.358681649862755,1.962613519766467,0.6783931449676581,472,100000,205012,COMPLETE
27,0.09177288943710733,2026-09-30 23:21:18.190014,2026-09-30 23:21:20.797441,0 days 00:00:02.607427,0.9603684687754942,0.7211367305541434,0.031525500136024225,2,3.9873026786527133,9.212514599899718e-05,37.71917139137207,2.0167951821638876,0.8699915660381263,1193,100000,205012,COMPLETE
11,0.09161090661706503,2026-09-30 23:20:44.090053,2026-09-30 23:20:44.882761,0 days 00:00:00.792708,0.8142497056141959,2.76162999099392,0.10542678149087867,3,8.173755284856918,1.344855273719693e-06,3.007016232607129,4.521284976107935,0.9458554559058854,135,100000,205012,COMPLETE
13,0.0916019135924907,2026-09-30 23:20:46.721204,2026-09-30 23:20:47.683873,0 days 00:00:00.962669,0.8193251721813599,3.427523040644671,0.08696867971416379,4,18.6560078390603,6.938425555033939e-07,0.09251661446922313,6.341160435775119,0.7631435327819819,174,100000,205012,COMPLETE
20,0.09134667449199992,2026-09-30 23:21:03.209130,2026-09-30 23:21:05.377520,0 days 00:00:02.168390,0.7616675016944651,4.969213925248543,0.016581501335488982,8,7.439308257946228,0.0007838307669260419,5.853909729457127,1.0292979880033815,0.7336032084202116,537,100000,205012,COMPLETE
4,0.09126010565529036,2026-09-30 23:20:32.705163,2026-09-30 23:20:33.602662,0 days 00:00:00.897499,0.6488152939379115,1.2938999080000846,0.06378528225249058,4,1.3399060561509786,0.00028614897264046574,0.013726318898045875,9.57902980522661,0.7760609974958406,185,100000,205012,COMPLETE
9,0.0910400725591249,2026-09-30 23:20:39.717580,2026-09-30 23:20:42.066885,0 days 00:00:02.349305,0.7300733288106989,2.3610746258097466,0.011878194167382767,6,2.694686557241768,0.036851536911881845,3.550012525851161,9.066994515741877,0.7243929286862649,477,100000,205012,COMPLETE
12,0.09103498373371804,2026-09-30 23:20:44.883761,2026-09-30 23:20:46.720114,0 days 00:00:01.836353,0.8201713691967434,1.7309731858389756,0.028941061220437762,3,4.708038487586022,2.3180779132906583e-08,0.01824455595374874,5.02404268961595,0.9990077404672711,492,100000,205012,COMPLETE
28,0.090932341791045,2026-09-30 23:21:20.797441,2026-09-30 23:21:23.931488,0 days 00:00:03.134047,0.9313739720596272,3.0934959325904297,0.010045466848880729,3,7.28559002764244,9.272602577043294e-08,1.5230134833071747,1.0348070498499173,0.954977295127572,1023,100000,205012,COMPLETE
2,0.09059246350110434,2026-09-30 23:20:29.089881,2026-09-30 23:20:30.027901,0 days 00:00:00.938020,0.7168578594140873,0.9983689107917987,0.05243180891902853,5,2.3927528765580632,1.9826980964985924e-05,0.6672367170464207,7.036345763472983,0.6557975442608167,125,100000,205012,COMPLETE
8,0.08951945340890681,2026-09-30 23:20:38.829193,2026-09-30 23:20:39.717580,0 days 00:00:00.888387,0.9085081386743783,4.315517129377968,0.06781546492336318,2,11.50640824725017,4.638759594322625e-08,0.27155819552829413,1.333655671046016,0.8916028672163949,227,100000,205012,COMPLETE
19,0.08947408175593201,2026-09-30 23:21:00.535612,2026-09-30 23:21:03.207627,0 days 00:00:02.672015,0.8684460032807608,2.070678434664775,0.015767315639302323,2,9.013537830821953,3.0972854175770297e-06,22.146579259853038,2.4694682648796062,0.7727431143998708,922,100000,205012,COMPLETE
24,0.08878602594861287,2026-09-30 23:21:12.741674,2026-09-30 23:21:13.845006,0 days 00:00:01.103332,0.9583410001404064,2.3412109133814023,0.02668859126105756,2,9.162291776071472,1.5175403875661623e-07,9.831242887810854,1.5945889940669955,0.798342366500352,424,100000,205012,COMPLETE
10,0.08871446784494429,2026-09-30 23:20:42.066885,2026-09-30 23:20:44.089040,0 days 00:00:02.022155,0.9902173701155405,0.2599309599586749,0.02594568770233071,8,5.726224096047262,0.006040944661730316,70.01188761580416,4.3636170443253,0.6071847502459279,193,100000,205012,COMPLETE
14,0.08753078575985891,2026-09-30 23:20:47.683873,2026-09-30 23:20:48.646409,0 days 00:00:00.962536,0.999424592675865,0.5112748345715827,0.03495337593931401,2,1.6616879154361266,2.7579564633649628e-05,11.430614295306873,3.7317048098609806,0.6014845656262101,237,100000,205012,COMPLETE
1,0.0860896342204322,2026-09-30 23:20:28.395608,2026-09-30 23:20:29.089881,0 days 00:00:00.694273,0.6849356442713105,2.6237821581611893,0.13826189316223852,6,1.0636066512540283,4.329370014459266e-07,0.05415244119402541,2.129769105510178,0.9329770563201687,52,100000,205012,COMPLETE
