iteration,training_log_loss,validation_log_loss
1,0.5370350412949072,0.537097849593054
2,0.42653994613735696,0.42657233994964
3,0.34778237852294663,0.34784064487749145
4,0.29209912946882116,0.29218128834128404
5,0.2525199034950604,0.25270923804379636
6,0.22451671034298684,0.22469254206961117
7,0.20368527925622468,0.20387609393410536
8,0.18893560256091513,0.1891966965623948
9,0.17810530542709793,0.17841118970781508
10,0.1699168336264542,0.1702338388356475
11,0.16373591912088598,0.16411262542298327
12,0.1592248822248883,0.159620503627473
13,0.15587343963402328,0.15626936441220327
14,0.15296920568878464,0.15348845134659372
15,0.15084421072124995,0.1514288896335968
16,0.14930297533174863,0.1498983257110348
17,0.1479321685092307,0.14852986129866352
18,0.14682783302878913,0.1474649834032318
19,0.1459801859992129,0.14665147426446062
20,0.14529344812283604,0.145971736314361
21,0.1447458709881574,0.1454719691295342
22,0.14418066788417622,0.14504334854316395
23,0.14381572206880658,0.14474458990009026
24,0.14350195758942447,0.14445352926611021
25,0.14313847928575962,0.14423200637407846
26,0.1428967951894791,0.14404554031261477
27,0.14270908209971134,0.14390691126697042
28,0.14253776537827623,0.14377239464133443
29,0.14239255522677333,0.1436929015250787
30,0.14221727874472623,0.1436162932050191
31,0.14214867186795913,0.1435848243266457
32,0.14202776847475285,0.1434955308350878
33,0.1419219786930066,0.14346622849495613
34,0.1418386833392535,0.14343491003634473
35,0.14176135273652013,0.14337049020798137
36,0.1416622314389994,0.14329160510306163
37,0.1415745801834472,0.1432447020803255
38,0.1414822263312955,0.14321025631764622
39,0.14137769575939746,0.14319823748120886
40,0.14133515997884988,0.14315771878966382
41,0.14125857995612462,0.1431164349333639
42,0.14123414531466338,0.1431098895096107
43,0.14119131449962116,0.14307837182973382
44,0.14115425304048676,0.1430795834916494
45,0.14114687579662358,0.14307967191645302
46,0.14113165418692836,0.14306371907162083
47,0.14113009675932184,0.1430633537682499
48,0.14107923210085702,0.1430506599322185
49,0.14107786015801893,0.14305045488690138
50,0.14107106665275798,0.14305109600155044
51,0.14106980945343495,0.14305095524546654
52,0.14101447137938242,0.14307122280809137
53,0.14101331841488499,0.1430712340981307
54,0.14101221135638933,0.14307119451785139
55,0.1410112564157317,0.1430711451992733
56,0.14101023547849495,0.14307110322710687
57,0.1410092539854765,0.14307106761137697
58,0.1410082943752604,0.14307143593701244
59,0.1410073904090049,0.14307141004644022
60,0.1410054227368039,0.14307107034186914
61,0.14100459182422276,0.14307105168907247
62,0.14100379763906631,0.1430710356132161
63,0.1410030325553228,0.14307089268601378
64,0.1410023094889186,0.14307088066023577
65,0.1410016206389844,0.14307087021787115
66,0.14099987437634817,0.1430708060980105
67,0.14095522754304837,0.14304335696842094
68,0.14095356768836184,0.14304322864629435
69,0.14094327073215004,0.14303177420175256
70,0.14094096069678125,0.1430315864162907
71,0.14094052669841095,0.14303158781811717
72,0.14090141005973184,0.1430071578534604
73,0.14087528954050035,0.14301426619774008
74,0.14087384413876575,0.14301421219340815
75,0.14083298304229083,0.14300343904516946
76,0.14079395922043636,0.14299702788595534
77,0.1407318435970472,0.1429709945738574
78,0.14071060697242488,0.1429783426064084
79,0.14062909894667816,0.14294557365483027
80,0.1406166823634421,0.14295273587601318
81,0.1405916365583952,0.14294574671308533
82,0.14055310624138204,0.14292194402822125
83,0.14053074772074448,0.14292371227857892
84,0.1404862856886359,0.1428845600803844
85,0.14045896945873754,0.14286764531739124
86,0.1404576142382182,0.14286658296844817
87,0.14044246031903768,0.14286426573553096
88,0.14043366070387747,0.14286221040867325
89,0.1403681452398146,0.14286251565453767
90,0.1402981800222611,0.1428347218886211
91,0.14028728780115904,0.14283794342178416
92,0.14023286737446758,0.14279773435469742
93,0.14022142798614223,0.14279827541704287
94,0.1401635289432689,0.1427564966626753
95,0.1401292622344883,0.14270752685226198
96,0.14010537478470164,0.14269119241638073
97,0.14004688337230561,0.14264236133128066
98,0.14004287527359016,0.14264315431216731
99,0.14002970573308807,0.14264219651161023
100,0.1400133185704527,0.14264003348625298
101,0.13999855699356248,0.14263720791802706
102,0.1399447804078063,0.14262241198565268
103,0.13992056747440096,0.14260861955024715
104,0.13988380888937582,0.14261116837646
105,0.13979519815567096,0.1425914419987176
106,0.13978607324783462,0.14259224011121197
107,0.13977556532269056,0.14259083102126013
108,0.13970248743787061,0.14257049587929405
109,0.13969439882085555,0.1425704837849995
110,0.13966848954039596,0.1425496886744886
111,0.13960254172908382,0.14256949432753477
112,0.13956753378588607,0.14257593133558227
113,0.13955272975630845,0.14256810742802478
114,0.1394924188456993,0.14258295293998327
115,0.13947764253188283,0.14258357291681026
116,0.13942178876322067,0.1425717331358296
117,0.13942096341968152,0.14257111741628972
118,0.13938612603054054,0.14256199159102875
119,0.13938106570294637,0.14256382476944127
120,0.13936939858336556,0.14256406343338113
121,0.1393388456890299,0.14254766876922953
122,0.13932588486166528,0.14254905775552992
123,0.13926384212516246,0.14252785563679177
124,0.13925223626188765,0.1425279059155898
125,0.13921989249154154,0.14253794823739246
126,0.13915241609326465,0.1425325036773463
127,0.13912640798192116,0.14250353565749524
128,0.13911092899386718,0.14250199096922553
129,0.13910284122140043,0.1424911519011458
130,0.13909610005442657,0.14249020343586685
131,0.13903599857600557,0.1424255706974011
132,0.13903409472985923,0.14242556095261089
133,0.13903314159449862,0.14242600040490133
134,0.1390314928775414,0.1424215458574458
135,0.13899701141816603,0.14243740917373657
136,0.13898540337474524,0.14244254482940474
137,0.1389451709502875,0.14242315833817304
138,0.13890318255761755,0.1424464058540121
139,0.13889244499857217,0.14244712388954966
140,0.13889162463853713,0.14244751529744837
141,0.13887210155777624,0.14243911065964052
142,0.13879939776119044,0.14241021037424462
143,0.13875216943513186,0.14235986959932725
144,0.13874746451989414,0.14236338796307665
145,0.13870230246581586,0.14232857116367884
146,0.13867422610293836,0.14232030045140812
147,0.13866573467215143,0.14232137277661583
148,0.13864500993937762,0.14231359944389402
149,0.13861696496528098,0.1423139233417768
150,0.13861607242425655,0.14231424139763452
151,0.13857486890574824,0.14229812780355677
152,0.13856406816982839,0.14229493551630437
153,0.13852980267832082,0.1423057042343322
154,0.13852935544834444,0.14230557506551428
155,0.1385225139999634,0.14230788403047112
156,0.1385131082702331,0.14230981002181642
157,0.13851205702310027,0.14231009144884904
158,0.13846826907166396,0.14228190861319528
159,0.13842509054523816,0.1422936910682374
160,0.13842242458397389,0.14229362513801436
161,0.13837885317379825,0.14229154032252608
162,0.13836515216804496,0.14229057665362524
163,0.13835261936740492,0.1422941847087836
164,0.13834490819162146,0.1422875529545375
165,0.13834255795173056,0.14228920630996345
166,0.1383148544250321,0.14228561605002008
167,0.13828463006289185,0.14227800511611458
168,0.13828247271711325,0.14227796966931272
169,0.13828032410444863,0.1422784111963374
170,0.13825862922918358,0.14228109074412618
171,0.13825779020645793,0.14228124818707633
172,0.1381956495339939,0.14228000339933103
173,0.13816390249602625,0.1422516633833851
174,0.13811566319384547,0.14221384999914974
175,0.13811193236670238,0.14221684661158368
176,0.13811086527552693,0.1422169157610337
177,0.1380609159329981,0.14218826826517994
178,0.13804801440389272,0.14219178858026943
179,0.138040089462252,0.14219413945995282
180,0.1380058449571506,0.14218795900805195
181,0.137997736622054,0.1421861075420947
182,0.13793299582381505,0.14221382654068884
183,0.13787644938691665,0.14221139515254724
184,0.13787143436677876,0.14221362429401194
185,0.1378485171120197,0.14219837829426987
186,0.13782363292261346,0.14219039076177264
187,0.13778210265184745,0.14218095413393778
188,0.1377792139781036,0.1421811110973437
189,0.137734390849144,0.14218900458079148
190,0.13768845380872932,0.14219162814225744
191,0.13766975411917148,0.14218877423187493
192,0.13766096834538094,0.14219122267277706
193,0.1376438133998137,0.14217932932119354
194,0.13764337598416637,0.1421794795802974
195,0.1375992277023462,0.14218607354863164
196,0.1375930959632103,0.1421863012388806
197,0.13754491154123769,0.14216083637936427
198,0.1375108553579901,0.14216835828836596
199,0.13747350449449308,0.14215968432623488
200,0.13741300474673818,0.1421291357197104
201,0.13740868210586196,0.1421307821448298
202,0.13737333916338992,0.14211003780774265
203,0.13736521085563388,0.14211537665289145
204,0.1373408496232164,0.14211918958775932
205,0.13733964775773758,0.14211927319367484
206,0.13731070827222558,0.14211735780636003
207,0.13727959251626093,0.14210403068722088
208,0.1372170188555945,0.14212826460373565
209,0.13720704144782644,0.14212937408498413
210,0.13716349089149804,0.1421425231209365
211,0.1371630742617354,0.14214282254029126
212,0.13716272848265712,0.14214299468064545
213,0.13712526475732334,0.14212887519943757
214,0.13712159931211163,0.1421313546493868
215,0.13707268578473075,0.1420927924643209
216,0.13706970887687547,0.14209537784552406
217,0.13706405141235053,0.14209916583322393
218,0.13705182042743205,0.14209430687127864
219,0.13704748232831848,0.14209220928809338
220,0.13704408139758995,0.14209254019690418
221,0.1370390951122711,0.1420942765117403
222,0.1370162720237416,0.14209011101816352
223,0.13701525080351934,0.14209026004958566
224,0.13700897762826558,0.14209233170093838
225,0.13697273214785033,0.1421036341578014
226,0.1369440275829693,0.14211391361818693
227,0.13693565480573444,0.14211662787463633
228,0.1369333193073163,0.142116501123758
229,0.13691191685719442,0.14212357131353853
230,0.1368888477298385,0.14211883266151332
231,0.1368729926114047,0.14211994032150965
232,0.1368356412598675,0.14210877248176904
233,0.13679464253783397,0.14212276631136167
234,0.1367745980373269,0.14211559226867967
235,0.1367725659871925,0.14211560027136966
236,0.13673703315600264,0.14211754083376138
237,0.13671506803442082,0.14213923314485488
238,0.13668548960126073,0.14214927762026677
239,0.13668415517364244,0.14214946248999139
240,0.1366658726187825,0.14215224130243675
241,0.1366607362756141,0.1421595307372623
242,0.1366588280665435,0.1421594137631657
243,0.13665832166888753,0.14215962250559516
244,0.1366482108851386,0.14215847441147506
245,0.13663952285950504,0.14215140764939016
246,0.13661234573546036,0.1421604725405665
247,0.1365942335454689,0.14215443450555756
248,0.13659365331127862,0.1421547601773373
249,0.13658690680943106,0.1421507537639265
250,0.13656644229206108,0.14215158485871005
251,0.13652100527388572,0.142136625586415
252,0.13649199172945056,0.14212546553410244
253,0.13645121180425204,0.14213865048032856
254,0.1364423747517566,0.1421380342447054
255,0.13644016244536786,0.14213248511773094
256,0.13642984006208803,0.14212608176147512
257,0.1364276164024998,0.142125248679473
258,0.13640954775415512,0.1421132082818573
259,0.13638188399010093,0.14210018082306536
260,0.13634971807964072,0.14210668640565602
261,0.13633357821421194,0.14211059883573365
262,0.13628897817521785,0.1420859462422164
263,0.1362855709071846,0.14208864404028593
264,0.1362674563173907,0.14209122068407376
265,0.13626734504641663,0.1420911872924663
266,0.1362310514717214,0.14207048436425734
267,0.13620740810986642,0.14207358416886495
268,0.13620267563886818,0.14207377501464694
269,0.13620202056211306,0.14207395899294709
270,0.13615144639125804,0.1420533381787664
271,0.13610503298710047,0.142036425613483
272,0.13610329458256223,0.14203583759400332
273,0.13610168394165556,0.14203598667544542
274,0.13608778835084268,0.14202700735189416
275,0.13605419963997153,0.14203249768688497
276,0.13603916782231945,0.14202816257579937
277,0.13602465754796483,0.14203358577047495
278,0.1360115140634591,0.14203819350336172
279,0.1359951949366954,0.14203977778728796
280,0.13598046932738167,0.14203005571352723
281,0.13597548169293025,0.14203165281917604
282,0.1359693072497508,0.14203218744150337
