model,threshold_pct,approved_cases,approval_rate_pct,defaults_among_approved,observed_default_rate_approved_pct,rejected_cases,defaults_rejected,default_capture_rate_pct,good_cases_rejected,good_rejection_rate_pct
CatBoost,0.5,1923,1.4618238209626906,10,0.5200208008320333,129625,2778,99.64131994261119,126847,98.51429015222118
CatBoost,1.0,21107,16.045093806063186,143,0.6775003553323542,110441,2645,94.87087517934003,107796,83.71854613233923
CatBoost,1.5,51381,39.05874661720436,464,0.9030575504563944,80167,2324,83.35724533715926,77843,60.455886921404165
CatBoost,2.0,76110,57.8572080153252,843,1.107607410327158,55438,1945,69.76327116212339,53493,41.544734389561974
CatBoost,2.25,85352,64.88278042995712,1019,1.1938794638672792,46196,1769,63.45050215208035,44427,34.50372786579683
CatBoost,2.5,93085,70.76124304436404,1175,1.262287156899608,38463,1613,57.85509325681492,36850,28.619136377757066
CatBoost,3.0,104749,79.62796849819077,1471,1.4043093490152652,26799,1317,47.23816355810617,25482,19.790307548928237
CatBoost,4.0,118088,89.76799343205522,1925,1.6301402344014633,13460,863,30.954088952654235,12597,9.78331780055918
CatBoost,5.0,124208,94.42028765165567,2177,1.7527051397655546,7340,611,21.91535150645624,6729,5.226001863932899
CatBoost,7.5,129244,98.24854805850336,2503,1.9366469623348086,2304,285,10.222381635581062,2019,1.5680335507921714
CatBoost,10.0,130409,99.13415635357437,2619,2.0082969733684024,1139,169,6.061692969870875,970,0.7533395464429947
CatBoost,15.0,131062,99.63055310609056,2699,2.0593306984480626,486,89,3.192252510760402,397,0.3083255669462566
CatBoost,20.0,131281,99.79703226198802,2732,2.081032289516381,267,56,2.008608321377331,211,0.16387076731904318
XGBoost,0.5,1149,0.873445434366163,3,0.26109660574412535,130399,2785,99.89239598278336,127614,99.10997204100653
XGBoost,1.0,21964,16.69656703256606,138,0.6283008559460936,109584,2650,95.05021520803444,106934,83.04908356632494
XGBoost,1.5,52267,39.73226502873476,484,0.9260145024585301,79281,2304,82.63988522238164,76977,59.783317800559175
XGBoost,2.0,77980,59.27874236020312,887,1.1374711464478071,53568,1901,68.18507890961263,51667,40.12659210935073
XGBoost,2.25,87526,66.53540912822696,1074,1.2270639581381533,44022,1714,61.47776183644189,42308,32.85803044423734
XGBoost,2.5,95165,72.34241493599295,1221,1.2830347291546262,36383,1567,56.2051649928264,34816,27.039453246349797
XGBoost,3.0,106557,81.00237175783744,1531,1.4367896994097056,24991,1257,45.086083213773314,23734,18.4327430879155
XGBoost,4.0,119072,90.51600936540274,1988,1.6695780704111798,12476,800,28.694404591104732,11676,9.068033550792173
XGBoost,5.0,125027,95.04287408398456,2237,1.7892135298775467,6521,551,19.763271162123385,5970,4.636533084808947
XGBoost,7.5,129673,98.57466476115182,2535,1.9549173690745183,1875,253,9.074605451936872,1622,1.2597079838459149
XGBoost,10.0,130667,99.33028248243987,2650,2.0280560508774212,881,138,4.949784791965567,743,0.5770425598011805
XGBoost,15.0,131196,99.73241706449357,2716,2.0701850666178845,352,72,2.582496413199426,280,0.21745883814849334
XGBoost,20.0,131373,99.86696871104084,2745,2.0894704391313286,175,43,1.5423242467718794,132,0.10251630941286113
