Variable,Description,date_gt_decision_rows,reason,action
annuity_780A,Monthly annuity amount.,0,,keep
applicationcnt_361L,Number of applications associated with the same email address as the client.,0,,keep
applications30d_658L,Number of applications made by the client in the last 30 days.,0,,keep
applicationscnt_1086L,Number of applications associated with the same phone number.,0,,keep
applicationscnt_464L,Number of applications made in the last 30 days by other clients with the same employer as the applicant.,0,,keep
applicationscnt_629L,Number of applications with the same employer in the last 7 days.,0,,keep
applicationscnt_867L,Number of applications associated with the same mobile phone.,0,,keep
bankacctype_710L,Type of applicant's bank account.,0,,keep
birth_259D,Date of birth of the person.,0,,keep
clientscnt12m_3712952L,Number of clients that have used the same mobile phone as the applicant in the past 12 months.,0,,keep
clientscnt3m_3712950L,Number of clients who have the same mobile phone number in the last 3 months.,0,,keep
clientscnt6m_3712949L,Total number of clients who have used the same mobile number in the last 6 months.,0,,keep
clientscnt_100L,Number of applications with matching employer's phone and client's.,0,,keep
clientscnt_1022L,Number of clients sharing the same mobile phone.,0,,keep
clientscnt_1071L,Number of applications where the alternative phone number matches that of the client.,0,,keep
clientscnt_1130L,Number of applications where client's phone number matches the alternative phone contact.,0,,keep
clientscnt_157L,Number of clients whose employer has the same phone number as the client.,0,,keep
clientscnt_257L,Number of clients that share an alternative phone number with the applicant.,0,,keep
clientscnt_304L,Number of clients with the same phone number.,0,,keep
clientscnt_360L,Number of clients that have the same alternative phone number and employer's phone number.,0,,keep
clientscnt_493L,Number of clients with matching phone numbers for both the employer and the client.,0,,keep
clientscnt_533L,Number of clients with same client's and alternative's phone number,0,,keep
clientscnt_887L,Number of clients sharing the same employer's phone number.,0,,keep
clientscnt_946L,Number of clients with matching mobile and employer's number.,0,,keep
contaddr_district_15M,Zip code of a contact person's address.,0,,keep
contaddr_matchlist_1032L,Indicates whether the contact address is found in a code list.,0,,keep
contaddr_smempladdr_334L,Indicates whether the contact address is the same as the employment address.,0,,keep
contaddr_zipcode_807M,Zip code of contact address.,0,,keep
credamount_770A,Loan amount or credit card limit.,0,,keep
credtype_322L,Type of credit.,0,,keep
deferredmnthsnum_166L,Number of deferred months.,0,,keep
disbursementtype_67L,Type of disbursement.,0,,keep
downpmt_116A,Amount of downpayment.,0,,keep
education_927M,Education level of the person.,0,,keep
eir_270L,Interest rate.,0,,keep
empl_employedtotal_800L,Employment length of a person.,0,,keep
empl_industry_691L,Employment Industry of the person.,0,,keep
empladdr_district_926M,District where the employer's address is located.,0,,keep
empladdr_zipcode_114M,Zipcode of employer's address.,0,,keep
equalitydataagreement_891L,"Flag indicating sudden changes in client's social-demographic data (e.g. education, family status, housing type).",0,,keep
familystate_447L,Family state of the person.,0,,keep
homephncnt_628L,Number of distinct home phones on client's application.,0,,keep
housetype_905L,House type of the person.,0,,keep
incometype_1044T,Type of income of the person,0,,keep
inittransactionamount_650A,Initial transaction amount of the credit application.,0,,keep
inittransactioncode_186L,Transaction type of the initial credit transaction.,0,,keep
isbidproduct_1095L,Flag indicating if the product is a cross-sell.,0,,keep
isdebitcard_729L,Flag indicating if the product is a debit card.,0,,keep
language1_981M,The primary language of the person.,0,,keep
maininc_215A,Client's primary income amount.,0,,keep
mainoccupationinc_384A,Amount of the main income of the client.,0,,keep
mobilephncnt_593L,Number of persons with the same mobile phone number.,0,,keep
numinstls_657L,Number of instalments.,0,,keep
paytype1st_925L,Type of first payment of the client.,0,,keep
paytype_783L,Type of payment.,0,,keep
personindex_1023L,Order of the person specified on the application form.,0,,keep
persontype_1072L,Person type.,0,,keep
persontype_792L,Person type.,0,,keep
posfpd10lastmonth_333P,Average FPD10 (Share of contracts with first installment past due more than 10 days) from point of sales that processed contract in the previous month.,0,,keep
posfpd30lastmonth_3976960P,Average FPD30 (Share of contracts with first installment past due more than 30 days) from point of sales that processed contract in the previous month.,0,,keep
posfstqpd30lastmonth_3976962P,"Average FSTPD30 (share of contracts with first, second, or third installment past due more than 30 days) from point of sale that processed contract in the last month.",0,,keep
price_1097A,Credit price.,0,,keep
registaddr_district_1083M,District of person's registered address.,0,,keep
registaddr_zipcode_184M,Registered address's zip code of a person.,0,,keep
role_1084L,Type of contact role.,0,,keep
safeguarantyflag_411L,Flag indicating if client is using a flexible product with additional safeguard garanty.,0,,keep
sellerplacecnt_915L,Number of sellerplaces where the same client's document was used.,0,,keep
sellerplacescnt_216L,Number of sellerplaces where the same client's mobile phone was used.,0,,keep
sex_738L,Gender of the client.,0,,keep
twobodfilling_608L,Type of application process.,0,,keep
type_25L,Contact type of a person.,0,,keep
typesuite_864L,Persons accompanying the client during the loan application process.,0,,keep
actualdpdtolerance_344P,DPD of client with tolerance.,0,Historial de crédito o pagos previos,remove
amtinstpaidbefduel24m_4187115A,Number of instalments paid before due date in the last 24 months.,0,Historial de crédito o pagos previos,remove
annuitynextmonth_57A,Next month's amount of annuity.,0,Disponibilidad temporal no confirmada,remove
avgdbddpdlast24m_3658932P,Average days past or before due of payment during the last 24 months.,0,Historial de crédito o pagos previos,remove
avgdbddpdlast3m_4187120P,Average days past or before due of payment during the last 3 months.,0,Historial de crédito o pagos previos,remove
avgdbdtollast24m_4525197P,Average days of payment before due date within the last 24 months (with tolerance).,0,Historial de crédito o pagos previos,remove
avgdpdtolclosure24_3658938P,"Average DPD (days past due) with tolerance within the past 24 months from the maximum closure date, assuming that the contract is finished. If the contract is ongoing, the calculation is based on the current date.",0,Historial de crédito o pagos previos,remove
avginstallast24m_3658937A,Average instalments paid by the client over the past 24 months.,0,Historial de crédito o pagos previos,remove
avglnamtstart24m_4525187A,Average loan amount in the last 24 months.,0,Historial de crédito o pagos previos,remove
avgmaxdpdlast9m_3716943P,Average Days Past Due (DPD) of the client in last 9 months.,0,Historial de crédito o pagos previos,remove
avgoutstandbalancel6m_4187114A,Average outstanding balance of applicant for the last 6 months.,0,Historial de crédito o pagos previos,remove
avgpmtlast12m_4525200A,Average of payments made by the client in the last 12 months.,0,Historial de crédito o pagos previos,remove
cardtype_51L,Type of credit card.,0,Historial de crédito o pagos previos,remove
cntincpaycont9m_3716944L,Number of incoming payments in the past 9 months.,0,Historial de crédito o pagos previos,remove
cntpmts24_3658933L,Number of months with any incoming payment in last 24 months.,0,Historial de crédito o pagos previos,remove
commnoinclast6m_3546845L,Number of communications indicating low income in the last six months.,0,Historial de crédito o pagos previos,remove
currdebt_22A,Current debt amount of the client.,0,Historial de crédito o pagos previos,remove
currdebtcredtyperange_828A,Current amount of debt of the applicant.,0,Historial de crédito o pagos previos,remove
datefirstoffer_1144D,Date of first customer relationship management (CRM) offer.,1942,"Valor de fecha > date_decision; apartado preventivamente; valor de fecha > date_decision, apartado preventivamente",remove
datelastinstal40dpd_247D,Date of last instalment that was more than 40 days past due (DPD).,0,Historial de crédito o pagos previos,remove
datelastunpaid_3546854D,Date of the last unpaid instalment.,28221,"Historial de crédito o pagos previos; valor de fecha > date_decision, apartado preventivamente",remove
daysoverduetolerancedd_3976961L,Number of days that past after the due date (with tolerance).,0,Historial de crédito o pagos previos,remove
disbursedcredamount_1113A,Disbursed credit amount after consolidation.,0,Disponibilidad temporal no confirmada,remove
dtlastpmtallstes_4499206D,Date of last payment made by the applicant.,126627,"Historial de crédito o pagos previos; valor de fecha > date_decision, apartado preventivamente",remove
empl_employedfrom_271D,Start date of employment.,316,"Valor de fecha > date_decision; apartado preventivamente; valor de fecha > date_decision, apartado preventivamente",remove
firstclxcampaign_1125D,Date of the client's first campaign.,37006,"Valor de fecha > date_decision; apartado preventivamente; valor de fecha > date_decision, apartado preventivamente",remove
firstdatedue_489D,Date of the first due date.,6912,"Historial de crédito o pagos previos; disponibilidad temporal no confirmada; valor de fecha > date_decision, apartado preventivamente",remove
interestrate_311L,The interest rate of the active credit contract.,0,Historial de crédito o pagos previos,remove
lastactivateddate_801D,Contract activation date for previous applications.,15219,"Historial de crédito o pagos previos; valor de fecha > date_decision, apartado preventivamente",remove
lastapplicationdate_877D,Date of previous customer's application.,114236,"Historial de crédito o pagos previos; valor de fecha > date_decision, apartado preventivamente",remove
lastapprcommoditycat_1041M,Commodity category of the last loan applications made by the applicant.,0,Historial de crédito o pagos previos,remove
lastapprcommoditytypec_5251766M,Commodity type of the last application.,0,Historial de crédito o pagos previos,remove
lastapprcredamount_781A,Credit amount from the client's last application.,0,Historial de crédito o pagos previos,remove
lastapprdate_640D,Date of approval on client's most recent previous application.,34241,"Historial de crédito o pagos previos; valor de fecha > date_decision, apartado preventivamente",remove
lastcancelreason_561M,Cancellation reason of the last application.,0,Historial de crédito o pagos previos,remove
lastdelinqdate_224D,Date of the last delinquency occurrence.,29245,"Historial de crédito o pagos previos; valor de fecha > date_decision, apartado preventivamente",remove
lastrejectcommoditycat_161M,Category of commodity in the applicant's last rejected application.,0,Historial de crédito o pagos previos,remove
lastrejectcommodtypec_5251769M,Commodity type of the last rejected application.,0,Historial de crédito o pagos previos,remove
lastrejectcredamount_222A,Credit amount on last rejected application.,0,Historial de crédito o pagos previos,remove
lastrejectdate_50D,Date of most recent rejected application by the applicant.,38799,"Valor de fecha > date_decision; apartado preventivamente; valor de fecha > date_decision, apartado preventivamente",remove
lastrejectreason_759M,Reason for rejection on the most recent rejected application.,0,Historial de crédito o pagos previos,remove
lastrejectreasonclient_4145040M,Reason for the client's last loan rejection.,0,Historial de crédito o pagos previos,remove
lastst_736L,Status of the client's previous credit application.,0,Historial de crédito o pagos previos,remove
mastercontrelectronic_519L,Flag indicating the existence of the master contract for the client.,0,Historial de crédito o pagos previos,remove
mastercontrexist_109L,Flag indicating whether or not the applicant has an existing master contract.,0,Historial de crédito o pagos previos,remove
maxannuity_159A,Maximum annuity previously obtained by client.,0,Historial de crédito o pagos previos,remove
maxdbddpdlast1m_3658939P,Maximum number of days past due in the last month. A negative value indicates the number of days before the due date.,0,Historial de crédito o pagos previos,remove
maxdbddpdtollast12m_3658940P,Maximum number of days past due in last 12 months. A negative value implies days before due date.,0,Historial de crédito o pagos previos,remove
maxdbddpdtollast6m_4187119P,Maximum number of days past due in last 6 months. This predictor takes the value as a negative number when it represents days before due date.,0,Historial de crédito o pagos previos,remove
maxdebt4_972A,Maximal principal debt of the client in the history older than 4 months.,0,Historial de crédito o pagos previos,remove
maxdpdfrom6mto36m_3546853P,Maximum Days Past Due (DPD) in the period ranging from 6 to 36 months.,0,Historial de crédito o pagos previos,remove
maxdpdinstldate_3546855D,Date of instalment on which client was most days past due.,12710,"Historial de crédito o pagos previos; valor de fecha > date_decision, apartado preventivamente",remove
maxdpdinstlnum_3546846P,Instalment number of which client was most days past due.,0,Historial de crédito o pagos previos,remove
maxdpdlast12m_727P,Maximum days past due in the past 12 months.,0,Historial de crédito o pagos previos,remove
maxdpdlast24m_143P,Maximal days past due in the last 24 months.,0,Historial de crédito o pagos previos,remove
maxdpdlast3m_392P,Maximum number of days past due in last 3 months.,0,Historial de crédito o pagos previos,remove
maxdpdlast6m_474P,Maximum days past due in the last 6 months.,0,Historial de crédito o pagos previos,remove
maxdpdlast9m_1059P,Maximum days past due in last 9 months.,0,Historial de crédito o pagos previos,remove
maxdpdtolerance_374P,Maximum number of days past due (with tolerance).,0,Historial de crédito o pagos previos,remove
maxinstallast24m_3658928A,Maximum instalment in the last 24 months,0,Historial de crédito o pagos previos,remove
maxlnamtstart6m_4525199A,Maximum loan amount started in the last 6 months.,0,Historial de crédito o pagos previos,remove
maxoutstandbalancel12m_4187113A,Maximum outstanding balance in the last 12 months.,0,Historial de crédito o pagos previos,remove
maxpmtlast3m_4525190A,Maximum payment made by the client in the last 3 months.,0,Historial de crédito o pagos previos,remove
mindbddpdlast24m_3658935P,Minimum days past due (or days before due) in last 24 months.,0,Historial de crédito o pagos previos,remove
mindbdtollast24m_4525191P,Minimum days before due in last 24 months.,0,Historial de crédito o pagos previos,remove
monthsannuity_845L,Monthly annuity amount for the applicant.,0,Historial de crédito o pagos previos,remove
numactivecreds_622L,Number of active credits.,0,Historial de crédito o pagos previos,remove
numactivecredschannel_414L,Number of active credits.,0,Historial de crédito o pagos previos,remove
numactiverelcontr_750L,Number of active revolving credits.,0,Historial de crédito o pagos previos,remove
numcontrs3months_479L,Number of contracts in last 3 months.,0,Historial de crédito o pagos previos,remove
numincomingpmts_3546848L,Number of incoming payments.,0,Historial de crédito o pagos previos,remove
numinstlallpaidearly3d_817L,Number of instalments paid at least 3 days prior to their due date.,0,Historial de crédito o pagos previos,remove
numinstlsallpaid_934L,Number of paid instalments.,0,Historial de crédito o pagos previos,remove
numinstlswithdpd10_728L,Number of instalments that were overdue for 10 or more days.,0,Historial de crédito o pagos previos,remove
numinstlswithdpd5_4187116L,Number of instalments that were overdue by at least 5 days.,0,Historial de crédito o pagos previos,remove
numinstlswithoutdpd_562L,Number of instalments that were not past due date.,0,Historial de crédito o pagos previos,remove
numinstmatpaidtearly2d_4499204L,Number of instalments that have been paid more than 2 days before their due date.,0,Historial de crédito o pagos previos,remove
numinstpaid_4499208L,Number of paid instalments.,0,Historial de crédito o pagos previos,remove
numinstpaidearly3d_3546850L,Number of instalments paid more than three days before the due date.,0,Historial de crédito o pagos previos,remove
numinstpaidearly3dest_4493216L,Number of instalments that have been paid more than 3 days in advance of the due date.,0,Historial de crédito o pagos previos,remove
numinstpaidearly5d_1087L,Number of instalments paid more than 5 days prior to the due date.,0,Historial de crédito o pagos previos,remove
numinstpaidearly5dest_4493211L,Number of instalments that were paid more than 5 days before the due date.,0,Historial de crédito o pagos previos,remove
numinstpaidearly5dobd_4499205L,Number of installments paid more than 5 days prior to the due date.,0,Historial de crédito o pagos previos,remove
numinstpaidearly_338L,Number of installments paid prior to the due date.,0,Historial de crédito o pagos previos,remove
numinstpaidearlyest_4493214L,Number of instalments paid before the due date.,0,Historial de crédito o pagos previos,remove
numinstpaidlastcontr_4325080L,Number of paid installments from the client's last contract.,0,Historial de crédito o pagos previos,remove
numinstpaidlate1d_3546852L,Number of instalments paid more than 1 day past their due date.,0,Historial de crédito o pagos previos,remove
numinstregularpaid_973L,Number of fully paid regular installments in the client's previous contracts.,0,Historial de crédito o pagos previos,remove
numinstregularpaidest_4493210L,Number of fully paid regular installments on clients' previous contracts.,0,Historial de crédito o pagos previos,remove
numinsttopaygr_769L,Number of unpaid instalments.,0,Historial de crédito o pagos previos,remove
numinsttopaygrest_4493213L,Number of unpaid instalments.,0,Historial de crédito o pagos previos,remove
numinstunpaidmax_3546851L,Maximum number of unpaid instalments.,0,Historial de crédito o pagos previos,remove
numinstunpaidmaxest_4493212L,Maximum number of unpaid instalments.,0,Historial de crédito o pagos previos,remove
numnotactivated_1143L,Number of non-activated credits.,0,Historial de crédito o pagos previos,remove
numpmtchanneldd_318L,Number of previous loan contracts for the applicant that had direct debit as payment channel.,0,Historial de crédito o pagos previos,remove
numrejects9m_859L,Number of credit applications that were rejected in the last 9 months.,0,Historial de crédito o pagos previos,remove
opencred_647L,Number of active loans from the previous application.,0,Historial de crédito o pagos previos,remove
pctinstlsallpaidearl3d_427L,Percentage of installments paid at least 3 days prior to the due date.,0,Historial de crédito o pagos previos,remove
pctinstlsallpaidlat10d_839L,Percentage of installments that were paid 10 or more days after the due date.,0,Historial de crédito o pagos previos,remove
pctinstlsallpaidlate1d_3546856L,Percentage of installments that are paid 1 or more days after the due date.,0,Historial de crédito o pagos previos,remove
pctinstlsallpaidlate4d_3546849L,Percentage of installments that were paid 4 or more days past their due date.,0,Historial de crédito o pagos previos,remove
pctinstlsallpaidlate6d_3546844L,Percentage of installments that were paid 6 or more days past their due date.,0,Historial de crédito o pagos previos,remove
pmtnum_254L,Total number of loan payments made by the client.,0,Historial de crédito o pagos previos,remove
previouscontdistrict_112M,Contact district of the client's previous approved application.,0,Historial de crédito o pagos previos,remove
sumoutstandtotal_3546847A,Sum of total outstanding amount.,0,Historial de crédito o pagos previos,remove
sumoutstandtotalest_4493215A,Sum of total outstanding amount.,0,Historial de crédito o pagos previos,remove
totaldebt_9A,Total amount of debt.,0,Historial de crédito o pagos previos,remove
totalsettled_863A,Sum of all payments made by the client.,0,Historial de crédito o pagos previos,remove
totinstallast1m_4525188A,Total amount of monthly instalments paid in the previous month.,0,Historial de crédito o pagos previos,remove
validfrom_1069D,Date since the client has an active campaign.,54689,"Valor de fecha > date_decision; apartado preventivamente; valor de fecha > date_decision, apartado preventivamente",remove
