number,value,datetime_start,datetime_complete,duration,params_bagging_temperature,params_depth,params_l2_leaf_reg,params_learning_rate,params_random_strength,user_attrs_best_iteration,user_attrs_tuning_train_rows,user_attrs_tuning_validation_rows,state
19,0.09279853526666776,2026-09-30 22:49:03.932855,2026-09-30 22:49:36.234997,0 days 00:00:32.302142,1.795232264200432,4,8.800251535369485,0.10972661298889345,0.05494594621885618,281,100000,205012,COMPLETE
14,0.09253026673849575,2026-09-30 22:46:23.390517,2026-09-30 22:47:06.231319,0 days 00:00:42.840802,1.5976045379766624,4,28.108124874485,0.09891591083018421,1.966763749422138,400,100000,205012,COMPLETE
2,0.09252136815428616,2026-09-30 22:38:22.263261,2026-09-30 22:39:00.238779,0 days 00:00:37.975518,0.9091248360355031,4,16.967533607196547,0.1411758906434134,1.0616955533913808,311,100000,205012,COMPLETE
28,0.09234585476408036,2026-09-30 22:53:37.817520,2026-09-30 22:54:19.859941,0 days 00:00:42.042421,0.5941842711470529,5,7.3143646722339755,0.05383744042304207,0.3853118349114456,347,100000,205012,COMPLETE
21,0.09231516057271069,2026-09-30 22:50:05.276109,2026-09-30 22:50:36.670833,0 days 00:00:31.394724,1.8625291165929063,4,8.549891569395202,0.11746633477981025,1.275285346069481,282,100000,205012,COMPLETE
22,0.09228248431401131,2026-09-30 22:50:36.670833,2026-09-30 22:51:14.380165,0 days 00:00:37.709332,0.49222999994683336,4,15.272067480192074,0.08653039571478105,0.6751048756359186,352,100000,205012,COMPLETE
16,0.09216768878407422,2026-09-30 22:47:46.577904,2026-09-30 22:48:25.454360,0 days 00:00:38.876456,0.8052591595123186,4,18.95288906916254,0.09717901662621102,2.150972829664112,377,100000,205012,COMPLETE
29,0.09206127657136798,2026-09-30 22:54:19.859941,2026-09-30 22:54:47.674886,0 days 00:00:27.814945,0.9751182906733962,4,11.224317952920341,0.1300272575664546,1.112455272399015,235,100000,205012,COMPLETE
3,0.09202967224505611,2026-09-30 22:39:00.238779,2026-09-30 22:40:25.445539,0 days 00:01:25.206760,1.4561457009902097,4,5.958389350068956,0.03691990689655602,2.1597250932105787,810,100000,205012,COMPLETE
13,0.09189203970056206,2026-09-30 22:45:35.290089,2026-09-30 22:46:23.390517,0 days 00:00:48.100428,0.05789471896006004,5,13.610581388233605,0.060640793914453615,0.5571283755713127,401,100000,205012,COMPLETE
12,0.09173997290169997,2026-09-30 22:45:00.692357,2026-09-30 22:45:35.290089,0 days 00:00:34.597732,2.748398142903855,4,3.357233878107569,0.08148620962775667,1.5420138239825476,290,100000,205012,COMPLETE
0,0.09169430029137793,2026-09-30 22:37:25.502510,2026-09-30 22:37:57.394543,0 days 00:00:31.892033,0.7800932022121826,5,12.057126287443763,0.1358198535217987,2.993292420985183,218,100000,205012,COMPLETE
27,0.09167771088192032,2026-09-30 22:53:06.765848,2026-09-30 22:53:37.817520,0 days 00:00:31.051672,1.4416339750622849,4,20.84754312688295,0.13025779568927573,1.5953141466394634,290,100000,205012,COMPLETE
11,0.09156475940968078,2026-09-30 22:44:28.467877,2026-09-30 22:45:00.692357,0 days 00:00:32.224480,1.8980212171011175,5,8.757126827307511,0.0786558157284275,1.0028275052665439,237,100000,205012,COMPLETE
25,0.09142528234148618,2026-09-30 22:51:55.902853,2026-09-30 22:52:26.751124,0 days 00:00:30.848271,0.4508702647371394,4,15.788150442243882,0.07037479392148818,0.8875662723630693,289,100000,205012,COMPLETE
24,0.09100283615404861,2026-09-30 22:51:35.404020,2026-09-30 22:51:55.902853,0 days 00:00:20.498833,1.8142865310856084,5,24.498141911342582,0.1127698665344557,1.803395985027783,150,100000,205012,COMPLETE
10,0.0908101613950923,2026-09-30 22:44:12.076586,2026-09-30 22:44:28.467877,0 days 00:00:16.391291,4.808597718985012,5,27.047297227177754,0.12335755051935142,0.08980937807409983,90,100000,205012,COMPLETE
15,0.09080269861785809,2026-09-30 22:47:06.231319,2026-09-30 22:47:46.577904,0 days 00:00:40.346585,3.056327440633164,6,29.59628420607883,0.10662500958862071,1.2193748043178418,294,100000,205012,COMPLETE
8,0.09078374426079819,2026-09-30 22:42:29.678711,2026-09-30 22:43:18.260171,0 days 00:00:48.581460,1.2938999080000846,4,1.1240768803005543,0.0542425537773747,4.546602010393911,461,100000,205012,COMPLETE
23,0.09067624464331527,2026-09-30 22:51:14.380165,2026-09-30 22:51:35.404020,0 days 00:00:21.023855,1.1142562304519625,4,8.741676405602385,0.14505803539174583,0.09761398323743643,171,100000,205012,COMPLETE
20,0.09029765466656195,2026-09-30 22:49:36.234997,2026-09-30 22:50:05.276109,0 days 00:00:29.041112,2.6839974653042695,6,3.368986008702673,0.10058504730993507,0.29909884805991793,182,100000,205012,COMPLETE
26,0.09015687285881233,2026-09-30 22:52:26.751124,2026-09-30 22:53:06.765848,0 days 00:00:40.014724,2.284779627724926,5,10.605296232103017,0.09538801682930997,2.4168402558556665,345,100000,205012,COMPLETE
4,0.0899806308348883,2026-09-30 22:40:25.445539,2026-09-30 22:41:41.012633,0 days 00:01:15.567094,2.28034992108518,7,2.701052774960547,0.02649083634077794,1.8318092164684585,559,100000,205012,COMPLETE
17,0.08991286968704983,2026-09-30 22:48:25.454360,2026-09-30 22:48:50.364951,0 days 00:00:24.910591,1.5210178166725128,6,20.14632251201999,0.14750401192386306,0.6940641877629383,159,100000,205012,COMPLETE
9,0.08978878135870519,2026-09-30 22:43:18.261204,2026-09-30 22:44:12.076586,0 days 00:00:53.815382,0.9242722776276352,7,5.864129169696525,0.03747971533796248,2.7335513967163982,409,100000,205012,COMPLETE
7,0.08390223081198395,2026-09-30 22:42:02.649349,2026-09-30 22:42:29.678711,0 days 00:00:27.029362,2.2007624686980067,8,1.3940346079873225,0.03694755509074355,3.4211651325607844,198,100000,205012,COMPLETE
5,0.08025195449026909,2026-09-30 22:41:41.012633,2026-09-30 22:41:53.812509,0 days 00:00:12.799876,0.23225206359998862,7,5.748924681991978,0.0299058938693663,2.9620728443102124,69,100000,205012,COMPLETE
18,0.07957747255689,2026-09-30 22:48:50.364951,2026-09-30 22:49:03.932855,0 days 00:00:13.567904,3.7057659558997393,5,12.060602371894433,0.06817242636899076,3.9498284426566643,104,100000,205012,COMPLETE
1,0.07812361672179716,2026-09-30 22:37:57.394543,2026-09-30 22:38:22.263261,0 days 00:00:24.868718,3.540362888980227,4,19.030368381735816,0.0224831270535195,3.005575058716044,220,100000,205012,COMPLETE
6,0.07521512084665667,2026-09-30 22:41:53.812509,2026-09-30 22:42:02.649349,0 days 00:00:08.836840,4.828160165372797,7,1.2476394272569447,0.028199996263578355,4.7444276862666666,47,100000,205012,COMPLETE
